Transaction ID,Sender,Recipient,Amount
0,QOZGElsErTryBgkBJZsTSQjUZnOSHuWZhlIirdfImi,HcZxwoQZGVGOHKSvzKmHNmfubPtDIXJwACkmmoYSBf,60
1,FfcoYmLdsHjFLPDPpujsVqncvFITnwVDbdJfMLGrUP,cPLmtgbPyBplTyUEgwLMRFWYlaCEGBxHzjDZNjTEBa,98
2,YAtLegxXdOAyQrbAfLCbxnVHBAtSMKNwxwFFlNUikI,DuDwNfssWGNAGTIbYMZgVtfjvMrwEgxMFmzOEPQCzV,77
3,kHGutDcSRtqTKWBLgRTcmdpPPUvuCYrUiEjtfwbSJQ,VZIWXmGjlCwacugOXHhKVxOVaEqAljZZMvVylcgELu,72
4,WRYflHpUVFegibjVYkqfLIqUpGvakMpShgPbngGCpQ,SkqULYAUkrHKNxULlnpwBeQtEGEleTnPejoVXzhdIW,88
5,mAqJhgsfadhimFqSTnwlbCPRWnvzMekbUflofIKhJD,DzAaGlWiOLmREShVtPCvOATSEJkHzphANMoMEgRFdM,68
6,NBcGJoBvEccpxJxbcVfsmwRrhkdknZwiZGbmxQQZht,ECRHpJRhDIAgstKedSMrQBXwMQdktQiZkdNYyGuVak,77
7,pLFEXNMTBLAjwlwkYEmjvHTngXxmGskUktULTHoQSF,dgNBCCLgXNPWsfsImZZAOGwSugHaRZWnzFYddjtnkK,5
8,UebVbVNjCqZKjkrPKgHKWLEondGzQevvaJFEYvLTaW,COJTEfWAcYuDVdRPMgKFPerPrWpIApAvPwYlRQzZpP,90
9,UvigIKIYaHCwIgZCzNntVMCgsHeTcZuujRCGHOGsAD,JjMnUGtVKziAJtzSFvUDNpimXfUvqHBTpDLktagvzR,47
10,vNmivluGKfKuIcaKTkaopZyJnlZuZQFsaGSMGUBVqc,sukbVuDcPGNjQbAYVBoliOFvMMIdxfRmaAxzVFbAAa,81
11,oRXpixkEEChvwIBIKKHdDNVquYnsCnRQDDAUHMMrfK,whaPXebBQUPJvCNSoihazOLfOBsAdxAzbWYRlWdZWj,60
12,cVprOzAipGtEEaLvKNrDgANvCIfbLOssjVekNTbaBt,VyrnYqPZQWipknnPTbdHTkrmuHMxtZLwFrrMtiAkeG,56
13,AKPBZJYxBYTdvTIgjBMfoDbBQEvjKXddGwcOgegrbd,jjcLGjnozeMUQnZLPNuIIQVnoMtksbMFpAqYdfjIiq,73
14,cQvtjRBRqiFqMlARTVBdaiJkAmIlaQNivnVvgSxtnW,RzXqJZHHRKOkRiPwhalUuzemOGDIvWEJtjcLTighBv,63
15,xQeRNNHrgssOJtHvaoXgNzCDAEALtJqIaIDazmgtxi,xBwPWmIHfLQsNsHfIrRLQpdLUNvMfWbgQyDMHKYNyE,81
16,SgNqSlmPpZsgkSuxdWdJUFPgUhhAZyfiaQEVEQGnxd,WQHBzNZvTZyfaPqXJSnKsQxqcvkhJeBObMRSLaTGFr,80
17,PgEPJBDyjBFDpjhMiXiPeoNHRHRMjgptsGEAoQBMwU,IvWUOqNqypzxKrhWkyAFasubYMEExmIZqKThiyVGVD,35
18,OgtHPhaiMFtuTcJjLKrvTsGqdtVVIYBMNsCrvmodGv,ZaoLCZAXAtYUDdxYPbTEmTQDQamIfAirItagAAtBfq,44
19,SEjsLdfKCRlBWEwibpiaeOQABIEpnkVoByTXHcplPs,pNRpPGIEzxPeOvVXmZqmwgNXhEJsGFLDjJuxWuQhgI,8
20,qScsCOkqgiipmfuNHbmFOSCfQczqFqxEqIqasgTvCh,qVOyngeiEFXMenLCxQsJryxLjKyiqslnAcMQLtmcww,84
21,irDsENKoYHQUGSFVckZXZJpGUqwUGWyiJdjaGYTtji,wsIwCWwRkoCaGFETIpNLxLNyWBfwBhnhVagKQdUndp,36
22,ssWttCCdRzaGLBLmMeJTgRjtqnkuyXUgxIFFQlNXoE,yYxiqUScFkTNKRCpyfAMDdqbuatYyQnxVRTEiSymBX,30
23,OUPnLojkPaUbeRsPaBphYQGjWfmLyGMiLUmuYOFPIz,zZwwpYjNgoUrwwHrHzfxgMzPQmIWtAxOAdfSfizESZ,9
24,UkJvsMANPzoqjxwyzMHIJMhTunnxHhYaHlWwYTFFci,WbkQnBsvMAEdoTDmTuJtEiAEEkkHUUqlNlXeaKQyAy,93
25,PmpMAYUWpyqsrcUENdjTvoxytrJodGyRBjZKyMVOAc,GbUNUJVqLpXpArLSMwIDXVjPIiKecnkdeXNxusCfAP,64
26,qxDYdgGOKioXWBAwNGPazYoTNsxfnUIVFUgIhtFLYD,CoifTbVYuwBDDkiZWPmcwHAPwWAyadyCfMDnBYjxNd,62
27,gJzFWZoaQsTBRJNDvhcKlrgGkXuORTCgKqHXYWAGfR,QjLjtaevsdMIntnJmxjXLfFLJeuJEiMwmOvcNeGTUq,84
28,YBXIVZKzsnAcvsYaUycZbCQBZKbgLNJoiyGwYyceeY,WJgTdfnMWzrcgtliWTFldbJPoOchUwvpQJKqXufCVc,59
29,duFhUkskXchszykwVIWqenNyssABXvtGxMuugfMkOy,dvCBBvPgAIGULxZfNKTkyWMwBMtfWpgWYOSYiScuyb,79
30,TrEWkqAFwctjaxYmJZMriJLTheLMYEqtluyFwdOnoy,nvYpbHBFSOlFnnhsAIxJUAEfguzYLqGXOdXVQuidZh,79
31,ZLlDKBvjYkwyQBIpxvZIsTHyxrfmOPPaFhhhFwzjyy,eUKYmvlTiXGxvcJhbxsevPseZLBfOADYLZJaRfXBIK,94
32,poKtPYovgpWAGjidHwZiLhnXbWqIwDmttftHuTeDmO,xRxkvNvxYhhQJlYaDhrltyFaYlSIXJjBhfYpqwxzvD,16
33,YAVZMbaICjtDvIaoYuaiZvMHyMVPvswGijexTZUpdT,gynWGSYdodPtcQOedZfdfTSzLzJPRQYdZGWHrxXcNz,64
34,fnymeWohljCXZZCDQqoqiPazoxFwnlPKEhhpyHNEnA,tBhalAYirQUqmfSbGYpRrwTpDadLzNOVQVxmSqayLJ,46
35,HvIcSjulqXADxVIDRRnSYheYTFuIyOsFfHCOVLlRbO,SfxACadxoXVbYWLgAVgXaRTVTziRbXinPSKMbLvxQG,39
36,UCvnoiRdtDlGuBYBOizhqSDSmNIUuxkNgRIdnqueSM,MtGBnHASxSeqGnTrivQjgoMkoMVahflxUeoQChVJwg,90
37,emTgAlkUOIKlrkzmlsjcYpCzGHMQNkCkKzwrKIdlSH,HTBPrAOFTndDlVpAimvVyScvcgWfRQSSQLwvdXigOZ,38
38,zbZcxArMYSJoEMefLphZGTIWOtbqwQTyZxIYtxAZTK,CpvqhYiattGnKvRrtOdYcMcIYmnYHETZjeKHceAvMa,16
39,CUINIecYnmXoKkHUlynySsNgqyFIhldOfoCWWtUNow,dUidwMIpkEzwwbrbDoaIMarQtJShQNcynXgUmdXegK,78
40,wBGkZQhdOQIjLMCbTURBrnyIfdilZTZRhBOeEnalok,iOgzmeBxnGrOEtyLnfZnvJAquhSUEmOUYKxpGqgAhu,18
41,iynTWYAvAsVRXLeqNREgOfZtVfPFdDJjDrpDXbUyRB,qMjlYowJgjTDVPdByOzEijRNrSAIpPKSLPStdMrNHI,85
42,XQCteGjzgnwMaTKZWdjdkvEIUOicXmEKcQsiITJHEa,DXgifCyoQjtsVHUhROzRRmKeqIsqvJcTqzQJIcAZod,71
43,XqbPUZXbYAKEkqzyzuuyimEepUTDPBJADTlhByVcQF,FuwnpKDnOeabnENeHpCYVvggrqdXFZtNQRkTfGlbPh,64
44,MTagsjbWRKmhPkcMapVSzilJZzTUSKKoudrOAIyrZM,lkQcchEWSiHnBlFodUoewowovmuxgBtzVbjCtRBSZM,29
45,IbtRRvDNyJsAlCBDJkLJCyuKEVZwJsPjWJbyZEWdfR,cBxDYJuXSPFSubcbHqsgwbbwJoqxtgxXpdGRnmAUCb,53
46,BmIdDYonjKGmPCFBcevbbNayXOHDrQmxfTdqBqDCJS,htuvpoPMTDoSqWnWBNvhNNQdySIrnpyepMsqkdZTCK,85
47,MqqOCbwkCXqSpzZknTmongwZAcvnuxdOmHDPqiSHPi,UOokvxVFSnwMxXSQBWUVqYqPCrhpnnZIGeWWMPOKxA,70
48,kICcBjAQKQWKkHDxyIGFeFYBFLGlJiAWvbcCzhQRjT,DpYxkNUXEcYfrBRjaXtGBzrdMmhMLBzGmPJQiIxnJY,48
49,vxVlUMNMJPjbHNlmJWuFvNmLWgTPWjYOYRkDzzCRLs,MGSXTFwEKozIJYrNcRQRBthWlqpRbSKxplWeWGXhWw,64
50,LgeonByWNkBaKLbHBhmFjmkmkCqHaUQoJvckvrKidE,ARrcrdGGQplDApsJFcuUturnYjTAjkLQDgYWdoRXhR,22
51,RJrSxBuHnAWmHzJZSbgfeItsUWZaEUKCrirCTggBby,QPSLniOrGKQonDXAYbteIirhrEXOERoPJXEvTPQndH,34
52,bOuCKAkdnmpMdAwyqWRTrdGTCpEvqEksblsXhuydqr,dysbnbcWPwmvoWRDhfrBsKPbMvydbSBtniYwCtGYza,21
53,dcqsWBOHnbQrMBNotShpwxPdtqUoOUlXnfPevShHeF,slRQyUMjPgsjVLPzwmyVGNPXekNGNVbIZnwmrHwRav,49
54,tCUOBfpsnJswiNNEvhauOBBwWgSHIvmfAWXZrpsosq,tWgZRKRONhnTIyjkKDtZePcjDWJvKgQcgaGGayzPvF,3
55,oSxqQGkaOLnnAuKBMoBgvSaDyGgjTwdmBopaPtAgXm,LQNLojTBkoqJzgermTAppfjZwlqcEVYlqxosnrsGTB,89
56,rpVkYHgfwtQOerLfwQLFaHvXhdNQeDySHgHhorzWEk,HWTFzWqWyTYVCuZPySPKNPYGSyIobvWosbbBgqCXIQ,85
57,HHKmMmjkQiCvhtIhsMdVQrSCRMQIayxvDglctplcHX,yMtCobDhjWxLOdluLxdVPnziMahRdBYwFkmXaaLAvh,17
58,SEDZavgAwPcbLTnySLVsfxVlGQspRjZgyDkbTOsglK,YgIWVdyTLdoTTxREQBiySvwxviWxWsmTbkagxUJRPb,96
59,NJtDdskjcYDGWBiCbljpUTgweEnLniDwEOYXkeTqkC,PUwhmDxGihhuPmhGtvAXlNBdbSELZAquCKyPIAiMyJ,57
60,tRRcnHwFtikaWuqalRUztmXWtAYksggNCvcKxsNUmF,SuaePQXMZFrCSXkzFLCuKOZikyEAlVJBLZbVgyVORf,50
61,ystqOXFhslTOIdASJfTScYsrSjHHCypqaGxruuFlSI,ZINGjcnOhzRXIKywONCbUiWQwSSwfIXjMlDiOsdQWO,27
62,LERsYqYFNOVFfUebGicNruqIBziKDzTHpaiVwkArMR,aKPbUTnGGYXhVDpfSgGIAsTByOdMRbAOoUfdXFxpQu,36
63,pBHlkrKcDOwmVOrsaIzIVKyhtEkMriQpfUXAbVdeSN,IRIoIHCHqsPcfMFSButEtXpYmszFVplQYTqbzIKXlT,27
64,QUnWIWZNCtvGraLlLaMpCyreIMvXHXICOshNSLDSWb,MucZZBYLtVpGFnJYHUTNMIYMdyHQobLNAGmLgPedoV,2
65,TudnxyOaqunxrGDesZbxAYjPXeftJSBWpPXFOWFtET,KwziSnaPHdkCyHkkguafkHfkvAOvxPvVMvKqbENpIO,43
66,tmbdEDreeUaJzrYuyNibwMiIfsgABtruCfmwbwkyHY,rQbdOdrYfibiOPaTFUxzPPfeuxjRiqrogRbzLLZBgp,12
67,ojGyBJqmJAljNJDjORncjBprrHpmdlBzYherVhrlEd,ahQyHUXWgCSEQRXNbnAjwhmUsuQOURMCeUooeHvUed,82
68,vcnAPaKxUyoNsACDOOsDClLwvAFsMwwmsaXmkYUBaj,VqBJqtNtntQSGaTxriwYReIeRdmMZtzoilnuwEzopy,85
69,IJPVOVgXhOGCGSqoHiZCZBKQOiylDGVKmGYAqMHWGR,geHRAuvGSXNqrtholGEpSCutDHclYPscTavQHegUiT,1
70,yZMYGuGCLaBkOsuGPBZlvNHlevrzEPLJWHGOFXHHfU,fismoGfnZGJzvCdgXbrcYzfVwBgtZIsvRPBtKdNOJK,96
71,grqPcZSPjoxzNIQDpSGsfRNEqItSUXuffysaKjAyQo,nmGcLKcEBPcmrkGctOcbUfRjmnmADMiJujYQZvcPbf,76
72,vGRJwqONaaaoNRnqgbnMxeiukKUDQdSbfPFpAnzqul,HaLTYxXMXJQpLzMOBhjNFUdjRTVwRFWKVTuYubhFys,94
73,ZAJYZthtMYkPkhDknuAIgIGkOXqoPYxYZwCHtmGslj,YoYhyMiBHsJFPkqnnwNWOVvMsnxZxbVzuaOzRvcgMW,42
74,rrgUSEfqqYckLyWMnKsfcnSKiWOkTnUikpekTbBmrL,aYqSaWSxIyEsZKwgFjoXiYWSrzlKaVrDwjkzbLFrzV,72
75,EgFcgNzoallOuOHSkXylLJonULosRmxPQItHxZAgqU,iLOXuCoAXkSjJSlHuhrgxyiuCjimDVsCNHhgHyeijz,47
76,CBxRlXlIKPJCkMPIYKOlBgeFDqIkQOBGEAeyzIUHVL,vdUCEYILHRCyZGOqPeYSZvUQIIvrDcceYFnmePLuOB,83
77,WeVszOdRFUJtuXprtDxWmJAGWMvzvlHSAaAmJrWUYW,YEbHUJBHWvzOSmpVkzxTyyvetlPjgNskHQoiCryBer,31
78,bmEiNytSuqdITehfEndYcrlxiLlGeuuMHTnlaOinpx,WNVSMKfKrhplYkvNKNOhKhIgJLvProkaqGXOpsqenJ,16
79,fEEnZmVBZGgKVuEnUdEhWLIZyMPawCviSdKQurWdzo,GAGZgvZDHXzBHoqGOBmyHvpRGrteuAgcaASIHWAfSQ,15
80,pqkFpoicHdYkOgmNNpDdRnMlXVwVkvhMEnIBCJnoLl,wLalwyGkHvlikHSjLAivQbUkhvKLyWGwJADBgCRSYb,94
81,pwimkpioaeveEcgwVPNNXXEIjKDvJgttOrYoMVKhKD,ddmuTcrEHOryoRHBlciyWxUuUFKqJFqxHNOhjUkNXv,70
82,AesVCTXsaNQclFzlMJeOXVJGBDRnyNyLfVyndgeQNU,fDwieMGCLxxdafnadlyArMXfzhOLDNKmtsXuzKypIa,71
83,SeJzhrMPPwLOXVUvfQhPFdShoUCaJHROQVHgfuLhad,vDqehOTalBQzgUFGELAfMoTITAmdOdvJnZenRxDtaT,30
84,FCvBEOcnAWgveJxYVVWdSfJQjNopwaaBSabWvcXTgC,YkVRlXmIutEIYGixeZOtfdrxKOoLiukXmVYNEVmlIq,98
85,UZBdPtUmnYqQcLeGrrfjQPxYloiAnEnxFIgJZqWTPC,hiQdiNdhRsiMaDXWEnBgqPBEkQYYiCaRXCtxmmGgfn,73
86,AcKVQVPgHetohkfUTUQKybtZtqBtsHDfkvyQwkxJzf,VlPrEWMhkNwkUzpoEHIimKbMzRlUMknbPcMtZNxXHz,39
87,KFpXqdbfxpYLhvoJrZPgugSUgffcvFzShiSWnWnKei,ekCCeFxrsrBRgVqTOFiwExViAKQzIHVoHfyqNhVFEu,13
88,rbGOaaTBPLFoqWNKjbvOpOWcoOuAbwvAIsRvOeBbJM,IDOrusaqTKYJvaUmdWrCghzPwCDuzJTLYHqURBGdmo,46
89,BGInSFKSqQtgLUOuQpEYnNQaFIpFULtRoaFpZXTeQn,NXHfNiFexfXkDAmRzJBBNIaHFLXfdESACvRtDYAEzP,47
90,LUJFgMmvuDNkgBKyqruvgzyqIpPLNfxFJSKWyScCbQ,kobLHxcuuqlhmIOFoSpPOwpbiErdXzCCVjjobqSiop,38
91,iTKEyTWJmWMERzJqxWbvSYpQLNJyKusFdFtRwYfdGG,NhLlBqbIeMAdUeKCjuVqZthfakOTEAAZUNcxBmWqKy,9
92,dvCmkVSLdgmhIxGswdfmwZrPJWaABATRfeqFkOslNj,FftbcQMetkgUOFDlDJtdBBpYUaKjvjEluSQBveDlsA,42
93,YsLMzUPgfmwcPNvpfvDIxSuGHAFQHQOnitPXNQViqg,rzdAUkIaDSRefIqklzjXBoxyZBoxQQXdxoVkvmqnob,49
94,pRLayswZSIJJeAJdMRtLUjrKTdCUEPnDAuhaALDaTE,FbgTfxBwAjnqanSCsXtqouVndUZrclsGwXHgzUkLjV,14
95,NHBxuwjGYGtwVbRcgQTngCYJrDTjdznvSSxjeAljmQ,JgLkLKMEodCSWIdOoYiNiBLdJNeuwuAnVNRtmNmelW,93
96,TqwzTEUNrXTGRVUKCDAlmDtjzPgrvUyAWbNVITZiHd,rKDqkzhVzsisRlDUHhprfRfvrAOsRxtUTWXUCKDIZq,46
97,TTChHWmENIIuOLYsrdWWRsLAmWwOnXCuSbuHmsqBxo,KXxVRtQCIGgJZJwlFwfGgZtpHXtDPHnnwhdckpkrUa,15
98,lLpVmThlHVYCrAeATwbBfXRooNejgWplMCqMddaAEA,ydGzopHNORomogApBLtTzCDZVyDoZGNSlvmbddlghI,50
99,HCyzDSfICCKwrvFAcEwneSHEdQejuDvScDYhddpLhZ,xWYKmAngOCqOECQTLDcntIIPkzUVORHrqKPnlIwuQq,96
100,LJjaAFZZroicyVKdOrlQznIPFPInqEuZBoYqWpQSKZ,bsASdHWCAkNmSsdCpxYvUlKkBTCDtALmIoMNURKcyx,33
101,rjdbtfUyvtsATpfVVJsXdAhcUNEWuGSVBpfToSdcsf,wvqFRRNXXhwTBvcFKaiugjlZeYJULqHCJVGcuudppK,4
102,QmwAMusYczXgDsjDoRCKHBpsRUTLpjgsTxhBtwkIEn,VbDnnqIFvXnTXexLTdJYtzkugWzomhzpIegHhdPiDU,1
103,SKIvDLNiocIhprfPxKrNhveijtVnrbpQSVeFtayTcq,vlRfXyFGgtfsOxJfmMXDBnPCSddePYzgvDKArRSrCu,70
104,nXXFkepjSSXNHqWmImOHTzUJRajDSwHvHKrhCjTTsf,wDKhuuvySChukejbvODvhqVJuOibxpVIYJWCwnOKyg,50
105,oFLtsXcRrsfBzVLAnZhAdsCUxVgfnVQXPfUliFUKvf,HmKxkWnNVsGnqHoVFwhkAxjLTGDfZbBgrkXefQAzkH,47
106,VikmfMIQNDdtHXJwfGIVbLmmjJvifzYFVrdFJHzLQn,uKNBzRuWLKtmvYShQPysoKARKgcccRWdgPfhmyjdCP,21
107,OdNCFhrIWmrUeElAOHeMfbiwrTwDHAdESShWegyTFz,DxFXpTzITpXmoCtWPoGaXpRzbVQatLwbARMrzTAHcH,78
108,oFxMvReOKTDeqMokvbWAkKGjeOKyzrgmChccDyNhCf,KvppvzjBaflDMVIYLejiHLNpYujGMHaxHdHjhQXfkF,97
109,FpuRNKvWKhTOlHIGcKJuGEoPpmstbtXfJJHUoQgQXV,rmMBjBpImWxYxHtGQKjSZESYItzVAWUTqfDnlefyIS,19
110,wfpDdcyqFlEtikYaLNUcbyNHOXYiHxYHxumEyLaZPg,pMfoLGzeyrjnAONoGdczpeKHqsEPTlSHLwNpEfHnaS,48
111,tQJZaMUTWkwaMmKqzwIUfchVBaVWTROfLrOzIcyxcD,xIeLZUtmeGqONmWQNzdudLykBiUZkGgbHMikprXZyz,39
112,jFrGsvRdDxdRRbTMtnYUmmkCnQTIftxDSzVjzvxpJD,kdplecZQOKGOmatqCHZKNiEQEnkgiACVJGcZHBEDzI,18
113,OKGSBUcDKhNIcDAQAtiFwHkEAyRoacotxRfolrIpLf,lySlXdcIaHuyvQpgbnYOConAdcPEjNTsQsfureTuey,91
114,yDTGZtZFMFvOOviWIIFKoPywMFSZHZvRWAyTmfGcjW,ueNAPznUOBixzEYzXalQWyqcSSjOacvSrqHxeyMeXq,17
115,vaJTdNOjewYhVOXOSgZmtrJHkHdbqSzjbqvhgGbaeN,NomMOQDUbYwpeWyxhGETgfzhnOlgqTdjWmEZkKqmAF,32
116,VaZBLjHVGDvUhWWqqgAPfQIqbGBLgRrgXCaCNKNRKd,MqPOJYRLCwbMBXHkZyFhCjXPnmyigMjXjSrJvICpie,59
117,zdUkQxxJKcFEmDkoKdxhlWldTVcLxkkHVLyMKfvBYb,aVkcVubaaJVIqQjUBAAGaKYwlTJtAncIqCZvgBBmSe,33
118,yManlsEQSWMiGWZwSBHlzQsWcTuAntPAXhKMjQyLgq,jfEuIYzHzXhYEkBXjCCJiKyYOfcJaISIgpJITQfaLZ,37
119,XjeaOsUbpLCXbCVMKhlnBlXaKeZGNqPGKdMCrfVnnn,exSVICMljEmQgeBmvcSEnUiTttnfXlBHlDEgofeOQe,64
120,coyflzezPVpPjOfrSHDOiKcMKhNJnbsXVWGCFLvSYl,NbQQjFlXToAVlSWdAaWZRFrCRRivQZAvFJGoNUQNcn,9
121,oNPswFLyHhFuHWRkLzIKatBnNCtTbVEuJPlqYaUtRA,CEFUcwGEIsCOLZijExqyBNTgPrpUdmrmdQuPQhvRSJ,19
122,bUMKEOLsKBkLXJWLZYEhQnGPOIHPiCQfVLZtBMhasM,wbmBIuqbrFeCvVcukRNRmYmKMtPuqwSJUBunGaSQMZ,44
123,JYhMFEPlPJEWJtLqUIYWWxDsDEvLyYqgkVXjlgHzsk,jbuAgqtAYEJRQUOUEdPmPNkPmSJCPgbbSTdHPvJJFH,62
124,QxurJGQVmbnBbcPbuqpzGqkXxNbgJAzaxZUyUApWgx,BrcvKJMKroJoOsOHpCKsrprsWWmPYEJXdRWgfMlevb,32
125,TsKyusqmFYrqarrHjleAUbfDAfjdBzJMCmqPwsKRjI,gatJWtapBwTApnSQSrKsUTJDZfhMsCQpJKBjejKluJ,15
126,gRRBDZQYvhmiEmtwlxjoqYAOcTSOjAnSoBLFgkXKcu,ccUAMGcFzaHhvwVXKhTamsJpUeRdEZeHIvDhzaCCPI,12
127,cXmmrjAdlYyrQWwOGmlpudvwSspYsuyTXfftGxdZJK,fflwPQvZUHEugUvNKSpAZwQBekqmAgWlmrGcunwWZq,15
128,wVbfmkbwljmcBNcAsJBJFottxXupXThaBXQYtqMXJB,eLXVJYBdPIhlwecmQXaPzzAobuHrsOBDvzxzFCmTgd,11
129,ACufhHPQMAOWWjgWayadEhKohkHIpONoVpnPfPpZgc,vwaRDRbOrSLdBAJsLZrQeGeezoiAUPDMxRhWuiQvoE,29
130,EFdwdPUYTNBMlKdQgSdBSDjQUYrGbgvZxgydupEJCJ,pulzRsYgMpmxxvMeNmUDllVqkUhyfsxlzittCIfqYj,14
131,DROoDSakKKgFqoeSeeoeBxsfhmpmsNMxEJAMTvWupn,AQSjkriufatzEvxeLaYhVcDrrExvBsmDfecOMKijFJ,46
132,oTbfEDlSprpRlNBRBgWWnRUPbvMHrElqAiIkxwlNAG,sBSqqpmPwwINcXTDPELjFQRNsUkCAjYoRKLBTilnfq,29
133,BWIFftKHtKpUGBOAARZyrNBxZPRhzTMlXTUdnLUFRE,rdRaVuadTbkGMYMYPSwwFTzuNsCQwtmYUDneNuFPhf,53
134,pUWqIfWVaIpJbSKJWqYjDEgpgJiveqrCqJXpxmHarT,kLsEeGgNbJtHfQdzCBKycOWMoGioGiHhPstLNDoDBI,15
135,QyvjjIuRJLetCdshqYTMsIJJnuKbEdjRjUWDGXvFQF,STVlVBKqOpyKUMrxCwCzTTvwbHxkzmaMqbEZNGaUTa,57
136,JstNQhAfqEMCvoozTXoBFNdvtpKsOITKHDZCOmbpTK,LnwkEIbgdgqbqFHgvidUkXbREEHSGpPYdXkkmzPDdO,87
137,xAMqExAGwwiGkcijeeevSlBlpqMNsULaqQPvorbaZG,RmBZOQKxojIPgEHaNUhQyDlOCeWzIJcvGjmzZGefUk,27
138,YraZdFUzUltPIleGIaSduycMmqhQyoxuMrIISBLqKT,cEGoNgPFuLSkpxzPBoDPTXpDvdiwOltrOhUnaNpyzF,83
139,hTJLFvbwUnbAyCKhXfFSZxGRMGYSZRykYoBVmlajAZ,HwlJLOwzOAExaMAhPOzlIaZZndCTEoPzVdNjyOWJmE,21
140,tJnGAcqVeDVYMuTWFniTwhTpMGZXAvKpIyvsFEzgqe,XOsCgPfrkFmryeAkiRjmypqnEKpsFfLxQCJrnJwYTa,43
141,gjgHeOzLAFqIQENnrYcFUgNAgrrkSITCOFNKkZZfaW,LrbZNGhNjWhCilOPtryIppRdjpqWxzQEwSnFdupLLO,51
142,EmfJGReVbjJeByJFWuQaJrrXSrtizYqRQSGQBbxWBu,qZftdhDNkICxSokaAmuzQDLFAIyjkRsOTGfCWwHvbC,62
143,RgLUbvwuDywaWnEFnAlNauDpvUVfpnwVwYZcDGtPSH,iQYUZTuDywqmlmiwQreXfBqYybKnTVQUfELUeqOXrn,12
144,AnHTYlcUAqTnByAmLRdDrkPZFrUWXufLwdWWXtlFKN,tAjAqLXDIcSQVVzIgBJRbQLQBPVPTuKERzMCWzCdEq,58
145,hyBGuHDJUDZnjZOgiNjUjlRAwbfPZiVrVQPKeZVaaV,onbWKftFVzfziqMJHScIdLHQzULGdzsVSAfxRSMNeS,19
146,vBanEOrPqQIqAixkMBymJFCdsXAuglOmdZTSnTRauP,saoAhbKMFHwdgzeBIAqJRUqUhgYLeVLrdfRojtFOiU,40
147,zSvjCgmZASagFuQeLnPcyTCmOZKjnnWPcgmLzIcRYd,PyzPpkPCQFKihfAZojxjFJZxPymhTpTzQSHbqBfkqA,6
148,iiqJryvExNdHHawdxLzrPKKuZCUGPHJzFdJMvJmIpX,crTEgiwNdAotPQKdEYqBzfDzAkYKVzenPYhuaNSmwC,42
149,zzGitLsUpgknHXsdWPgnwbsdvvDtHiwqJAdBOzCdVv,HRjXaQPhxBhOzNyIdoekAUjZnTFMPFDveWpqPkVQGi,79
